id_marca,marca_canonica,alias,instagram,sitio_web,estado
1,206 Pilates Studio,206 Pilates Studio,,,activa
2,"@Vyfpilates, Pilates","@vyfpilates, Pilates",,,activa
3,Ac Atelier Pilates,AC Atelier Pilates,,,activa
4,Alma Pilates,ALMA Pilates,,,activa
5,Attic - Pilates & Barre Studio,ATTIC - Pilates & Barre Studio,,,activa
6,Accio Estudio - Danza Y Pilates,Accio Estudio - Danza y Pilates,,,activa
7,Alais Pilates,Alais Pilates,,,activa
8,Alfa Pilates,Alfa Pilates,,,activa
9,Alfa&Omega Pilates,Alfa&Omega Pilates,,,activa
10,Allegro Pilates,Allegro Pilates,,,activa
11,Alma Move It. Espacio Integral De Técnicas Corporales Conscientes,Alma Move It. Espacio Integral de Técnicas Corporales Conscientes,,,activa
12,Alma Pilates Gaona-Estetica,Alma Pilates Gaona-Estetica,,,activa
13,Almha Pilates,Almha Pilates,,,activa
14,Alquimia Pilates,Alquimia Pilates,,,activa
15,Amazonia Pilates,Amazonia Pilates,,,activa
16,Ambar Wellness -Pilates,Ambar Wellness -pilates,,,activa
17,Ambika Caballito,Ambika Caballito,,,activa
18,Ambika Pilates Palermo,Ambika Pilates Palermo,,,activa
19,Ameray Pilates,Ameray Pilates,,,activa
20,Ampilates.Estudio,Ampilates.estudio,,,activa
21,Ananda Pilates,Ananda Pilates,,,activa
22,Angel Pilates,Angel Pilates,,,activa
23,Anima Estudio Pilates,Anima Estudio Pilates,,,activa
24,Aprile Pilates,Aprile Pilates,,,activa
25,Arena Pilates,Arena Pilates,,,activa
26,Armonia Pilates,Armonia Pilates,,,activa
27,Armonía'S Pilates,Armonía's pilates,,,activa
28,Art Pilates,Art Pilates,,,activa
29,Arte Pilates,Arte Pilates,,,activa
30,Aura Pilates,Aura Pilates,,,activa
31,Aura Pilates Recoleta,Aura Pilates Recoleta,,,activa
32,Aural Studio Pilates,Aural Studio Pilates,,,activa
33,Ayla Studio Pilates,Ayla Studio Pilates,,,activa
34,Ayres De Barracas Pilates,Ayres de Barracas Pilates,,,activa
35,Ba Pilates Caballito,BA PILATES CABALLITO,,,activa
36,Barre Estudio,BARRE ESTUDIO,,,activa
37,Bb. Estudio,BB. estudio,,,activa
38,Bg Pilates Barrio Norte,BG PILATES BARRIO NORTE,,,activa
39,Body Life Pilates,BODY LIFE PILATES,,,activa
40,Bsm Pilates,BSM Pilates,,,activa
41,Balance Pilates,Balance Pilates,,,activa
42,Bayres Pilates Studio,Bayres Pilates Studio,,,activa
43,Be Balance Studiopilates Microcentro,Be Balance StudioPilates Microcentro,,,activa
44,Be Pilates,Be Pilates,,,activa
45,Benincasa Pilates,Benincasa Pilates,,,activa
46,Bicca Pilates Studio,Bicca Pilates Studio,,,activa
47,Bienestar En Movimiento,Bienestar en Movimiento,,,activa
48,Bive Pilates,Bive Pilates,,,activa
49,Bive Pilates Villa Luro,Bive Pilates Villa Luro,,,activa
50,Bloom Pilates,Bloom Pilates,,,activa
51,Body Fit - Pilates Contemporaneo,Body Fit - Pilates Contemporaneo,,,activa
52,Casa De Movimiento Pilates Studio,CASA DE MOVIMIENTO Pilates Studio,,,activa
53,Cep - Centro De Estetica & Pilates - Barracas,CEP - Centro de estetica & pilates - Barracas,,,activa
54,Columpylates,COLUMPYLATES,,,activa
55,Conscious Studio Pilates,CONSCIOUS STUDIO PILATES,,,activa
56,Calupi Estudio,Calupi Estudio,,,activa
57,Carpe Diem Pilates Clásico,Carpe Diem Pilates Clásico,,,activa
58,Casa Amarilla Pilates Y Masajes,Casa Amarilla Pilates y masajes,,,activa
59,Casa Dynamo Pilates,Casa Dynamo Pilates,,,activa
60,Casa Encuentro - Pilates & Flex,Casa Encuentro - Pilates & Flex,,,activa
61,Centro Byb,Centro ByB,,,activa
62,Centro Pilates Buenos Aires,Centro Pilates Buenos Aires,,,activa
63,Centro Pilates Time,Centro Pilates Time,,,activa
64,Centropilates Ba Núñez,Centropilates BA Núñez,,,activa
65,Centropilates Ba Palermo,Centropilates BA Palermo,,,activa
66,Chysalis,Chysalis,,,activa
67,Cinética Pilates,Cinética Pilates,,,activa
68,Claudia Pilates Y Kobido,Claudia Pilates y Kobido,,,activa
69,Clic Pilates Palermo Hollywood,Clic Pilates Palermo Hollywood,,,activa
70,Clic Pilates Palermo Soho,Clic Pilates Palermo Soho,,,activa
71,Club Palermo Pilates,Club Palermo Pilates,,,activa
72,Colmao De Pilates,Colmao de Pilates,,,activa
73,Corpo Método Pilates,Corpo método Pilates,,,activa
74,Corporal Centro De Bienestar Fisico,Corporal Centro De Bienestar Fisico,,,activa
75,Crezia Pilates & Yoga,Crezia Pilates & Yoga,,,activa
76,Cuerpo Saludable Pilates,Cuerpo Saludable Pilates,,,activa
77,Cuerpo En Alba Pilates,Cuerpo en alba Pilates,,,activa
78,Cuerpoespiral - Pilates Personalizado,CuerpoEspiral - Pilates Personalizado,,,activa
79,Cuore Pilates,Cuore pilates,,,activa
80,Ddb Pilates,DDB pilates,,,activa
81,Dv-Estudio // Mariela Ruggeri,DV-Estudio // Mariela Ruggeri,,,activa
82,Danez Pilates & Funcional,Danez Pilates & Funcional,,,activa
83,Danez Pilates & Funciónal,Danez Pilates & Funciónal,,,activa
84,Dash Pilates & Yoga,Dash Pilates & Yoga,,,activa
85,Desde Laura,Desde Laura,,,activa
86,Desirée Centro De Estetica Y Pilates,Desirée Centro de Estetica y Pilates,,,activa
87,Dhara Pilates,Dhara Pilates,,,activa
88,Equm,EQUM,,,activa
89,Equmm Gimnasias & Pilates,EQUMM Gimnasias & Pilates,,,activa
90,Espacio Luz Pilates Clasico,ESPACIO LUZ PILATES CLASICO,,,activa
91,El Atelier Pilates,El Atelier Pilates,,,activa
92,El Estudio,El Estudio,,,activa
93,El Loft San Telmo - Pilates Y Estética,El Loft San Telmo - Pilates y Estética,,,activa
94,Energía Vital,Energía Vital,,,activa
95,Entre Ríos Pilates,Entre Ríos Pilates,,,activa
96,Epiler Recoleta,Epiler Recoleta,,,activa
97,Erevan Pilates,Erevan Pilates,,,activa
98,Espacio Activa Primera Junta,Espacio Activa Primera Junta,,,activa
99,Espacio Balance,Espacio Balance,,,activa
100,Espacio Caracol Pilates,Espacio Caracol Pilates,,,activa
101,Espacio Compromiso Bienestar,Espacio Compromiso Bienestar,,,activa
102,Espacio Gud Pilates,Espacio GUD Pilates,,,activa
103,Espacio Haya,Espacio Haya,,,activa
104,Espacio Infinito Yoga Y Pilates,Espacio Infinito Yoga y Pilates,,,activa
105,Espacio Mat - Clases Online De Pilates - Elongación - Yoga,Espacio Mat - CLASES ONLINE de Pilates - Elongación - Yoga,,,activa
106,Espacio Raíz Pilates Y Yoga,Espacio Raíz Pilates y Yoga,,,activa
107,Espacio Transformar,Espacio TransforMar,,,activa
108,Espacio Fit,Espacio fit,,,activa
109,Espiral Pilates,Espiral Pilates,,,activa
110,Espiralado,Espiralado,,,activa
111,Estetica Glow,Estetica Glow,,,activa
112,Estilo Devoto Pilates,Estilo Devoto Pilates,,,activa
113,Estudio Core Ba Pilates,Estudio Core BA Pilates,,,activa
114,Estudio Corporeum,Estudio Corporeum,,,activa
115,Estudio Hara,Estudio Hara,,,activa
116,Estudio Naapura,Estudio Naapura,,,activa
117,Estudio Pilates Zen,Estudio Pilates Zen,,,activa
118,Estudio Taoyqi,Estudio Taoyqi,,,activa
119,Estudio De Pilates Diem,Estudio de Pilates Diem,,,activa
120,Estudio Del Sur Pilates,Estudio del Sur Pilates,,,activa
121,Etnya Pilates,Etnya Pilates,,,activa
122,Etnya Pilates Craig,Etnya Pilates Craig,,,activa
123,Etéreo Pilates,Etéreo Pilates,,,activa
124,Eutónico Pilates,Eutónico Pilates,,,activa
125,F&S Pilates Studio,F&S pilates STUDIO,,,activa
126,Fabiana Tallarico,Fabiana Tallarico,,,activa
127,Feel Good,Feel Good,,,activa
128,Fit Studio Pilates,Fit Studio Pilates,,,activa
129,Flow Pilates Estudio,Flow Pilates Estudio,,,activa
130,Fluxus Pilates,Fluxus Pilates,,,activa
131,Full Pilates Castro,Full Pilates Castro,,,activa
132,Full Pilates Muñiz,Full Pilates Muñiz,,,activa
133,Fullfit,Fullfit,,,activa
134,Fusión Pilates Palermo,Fusión Pilates Palermo,,,activa
135,Fémina Estudio,Fémina Estudio,,,activa
136,G Pilates Studio,G Pilates Studio,,,activa
137,Gd Pilates & Elongacion By Marce Vaisberg,GD Pilates & Elongacion by Marce Vaisberg,,,activa
138,Gs Bienestar Corporal,GS Bienestar Corporal,,,activa
139,Gabyota Pilates,Gabyota PILATES,,,activa
140,Ganesha Pilates,Ganesha pilates,,,activa
141,Genkiro Studio Recoleta,Genkiro Studio Recoleta,,,activa
142,Gimnasia Postural Global Daniela Pérsico,Gimnasia Postural Global Daniela Pérsico,,,activa
143,Gimnasio Plaza Lou,Gimnasio Plaza Lou,,,activa
144,Glow Pilates Studio,Glow Pilates Studio,,,activa
145,Go Fit Pilates Recoleta,Go Fit Pilates Recoleta,,,activa
146,Gran Cóndor Fitness,Gran Cóndor Fitness,,,activa
147,Ha! Pilates Y Bienestar,HA! Pilates y Bienestar,,,activa
148,"Haus, Casa De Pilates","HAUS, Casa de Pilates",,,activa
149,"Haus, Casa De Pilates®","HAUS, Casa de Pilates®",,,activa
150,Health Studio Ar,HEALTH STUDIO Ar,,,activa
151,Hawa Fitness Pilates Studio,Hawa Fitness Pilates Studio,,,activa
152,Hema Pilates,Hema Pilates,,,activa
153,Holística Yoga & Pilates,Holística Yoga & Pilates,,,activa
154,Hono Studio,Hono Studio,,,activa
155,Humanu Pilates,Humanu Pilates,,,activa
156,Ikal,Ikal,,,activa
157,Iluminar Pilates&Bienestar,Iluminar Pilates&Bienestar,,,activa
158,Imperio Pilates Chacarita,Imperio Pilates Chacarita,,,activa
159,Imperio Pilates Studio,Imperio Pilates Studio,,,activa
160,Inspiración Pilates Villa Devoto,Inspiración Pilates Villa Devoto,,,activa
161,Integral Pilates,Integral Pilates,,,activa
162,Joa Estudio De Pilates,JOA estudio de pilates,,,activa
163,Jvs Pilates,JVS Pilates,,,activa
164,Jalupilates,JaluPilates,,,activa
165,Jaz Cherbenco Pilates Clásico,Jaz Cherbenco Pilates Clásico,,,activa
166,Josefa Pilatesestudio,Josefa PilatesEstudio,,,activa
167,Juan Sosa Pilates Estudió,Juan Sosa Pilates Estudió,,,activa
168,Justa Pilates,Justa Pilates,,,activa
169,Kalon Pilates Reformer,KALON PILATES REFORMER,,,activa
170,Ks Estudio Pilates,KS Estudio Pilates,,,activa
171,Kumara Pilates & Fit Barre,KUMARA PILATES & FIT BARRE,,,activa
172,Kuyén Club | Pilates Reformer Hipff | Energía Y Movimiento Que Transforma,KUYÉN CLUB | PILATES REFORMER HIPFF | ENERGÍA Y MOVIMIENTO QUE TRANSFORMA,,,activa
173,Kaibliss | Yoga & Wellness,KaiBliss | Yoga & Wellness,,,activa
174,Kairos Pilates Y Yoga,Kairos Pilates y Yoga,,,activa
175,Kenko Pilates,Kenko pilates,,,activa
176,Kyo Pilates,Kyo Pilates,,,activa
177,La Donata Pilates,LA DONATA PILATES,,,activa
178,Lina Pilates,LINA PILATES,,,activa
179,La Pilateria De Almagro,La Pilateria de Almagro,,,activa
180,Le Mouvement Parfait,Le Mouvement Parfait,,,activa
181,Leitmotiv Pilates,Leitmotiv Pilates,,,activa
182,Levy Pilates,Levy Pilates,,,activa
183,Life Pilates,Life Pilates,,,activa
184,Linda Para Vos - Pilates & Spa,Linda para vos - Pilates & Spa,,,activa
185,Lotuszen Pilates,Lotuszen Pilates,,,activa
186,Ludemma Pilates Y Yoga,Ludemma Pilates y Yoga,,,activa
187,Mdc Pilates,MDC pilates,,,activa
188,Mp Pilates,MP Pilates,,,activa
189,Mr Pilates Reformer @Mrpilatesreforme,MR Pilates Reformer @mrpilatesreforme,,,activa
190,Mr Pilates Reformer @Mrpilatesreformer,MR Pilates Reformer @mrpilatesreformer,,,activa
191,Ms Pilates,MS Pilates,,,activa
192,Muv Pilates Belgrano,MUV Pilates Belgrano,,,activa
193,Mwd,MWD,,,activa
194,Madero Soul,Madero Soul,,,activa
195,Maestro Pilates,Maestro Pilates,,,activa
196,Maison Pilates & Wellness,Maison Pilates & Wellness,,,activa
197,Malú Pilates,Malú Pilates,,,activa
198,Mamiwata Pilates Reformer,Mamiwata Pilates Reformer,,,activa
199,Mantra Yoga Y Pilates,Mantra Yoga y Pilates,,,activa
200,Maori Pilates,Maori Pilates,,,activa
201,Maria Azar Pilates,Maria Azar Pilates,,,activa
202,María Laura Studio,María Laura Studio,,,activa
203,María Rego Pilates,María Rego Pilates,,,activa
204,Mas Cerca Pilates,Mas Cerca Pilates,,,activa
205,Maximo Pilates,Maximo Pilates,,,activa
206,Meraki Bienestar - Pilates Reformer Y Actividades Posturales,Meraki Bienestar - Pilates reformer y actividades posturales,,,activa
207,Meraki Yoga & Pilates,Meraki Yoga & Pilates,,,activa
208,Met Pilates Club,Met pilates club,,,activa
209,Mikigai Pilates,Mikigai Pilates,,,activa
210,Miriang.- Espacio De Pilates,MirianG.- Espacio de Pilates,,,activa
211,Modo Pilates Barrio Norte,Modo Pilates Barrio Norte,,,activa
212,Mon Rêve Pilates,Mon Rêve Pilates,,,activa
213,Mood Pilates Reformer,Mood Pilates Reformer,,,activa
214,Moon Pilates,Moon Pilates,,,activa
215,Move On Pilates,Move On Pilates,,,activa
216,Move Pilates Devoto,Move Pilates Devoto,,,activa
217,Movepilates Belgrano,MovePilates Belgrano,,,activa
218,Muevete Guapa,Muevete Guapa,,,activa
219,Mundo Pilates Belgrano,Mundo Pilates Belgrano,,,activa
220,Muévelo Pilates,Muévelo Pilates,,,activa
221,Neto Pilates,NETO PILATES,,,activa
222,Nuevo Pilates,NUEVO PILATES,,,activa
223,Nanai Pilates,Nanai Pilates,,,activa
224,Naos Pilates Studio,Naos Pilates Studio,,,activa
225,Naroa Pilates,Naroa Pilates,,,activa
226,Nexo Pilates & Therapy Recoleta,Nexo Pilates & Therapy Recoleta,,,activa
227,Non Solo Pilates,Non solo Pilates,,,activa
228,Nuevo Pilates Urquiza,Nuevo Pilates Urquiza,,,activa
229,Onira Pilates,ONIRA PILATES,,,activa
230,Ostudio Pilates Y Más,OStudio pilates y más,,,activa
231,Oasis Pilates,Oasis Pilates,,,activa
232,Oma Ba - Pilates & Yoga,Oma BA - Pilates & Yoga,,,activa
233,Ossom Pilates,Ossom Pilates,,,activa
234,Otis Pilates,Otis Pilates,,,activa
235,Oxzen Pilates,Oxzen Pilates,,,activa
236,Pilates 2X4,PILATES 2x4,,,activa
237,Pilates Aroha Villa Del Parque,PILATES AROHA VILLA DEL PARQUE,,,activa
238,Pilates Bajo Impacto,PILATES Bajo Impacto,,,activa
239,Pilates Fit,PILATES FIT,,,activa
240,Pilates Valma,PILATES VALMA,,,activa
241,Palace Pilates,Palace Pilates,,,activa
242,Palacio Fit,Palacio Fit,,,activa
243,Palermo Pilates,Palermo Pilates,,,activa
244,Paloma Pilates,Paloma Pilates,,,activa
245,Patricia Pilates Castillo,Patricia Pilates Castillo,,,activa
246,Paulypilates,Paulypilates,,,activa
247,Philautía Pilates,Philautía Pilates,,,activa
248,Pila Pilates,Pila Pilates,,,activa
249,Pilates Aroha,Pilates Aroha,,,activa
250,Pilates Baraka,Pilates BARAKA,,,activa
251,Pilates Bren,Pilates Bren,,,activa
252,Pilates Club,Pilates Club,,,activa
253,Pilates Clásico - Raquel Sosa Estudio,Pilates Clásico - Raquel Sosa Estudio,,,activa
254,Pilates Clásico Nati Milito,Pilates Clásico Nati Milito,,,activa
255,Pilates Coy,Pilates Coy,,,activa
256,Pilates Delpino,Pilates Delpino,,,activa
257,Pilates Dynamov,Pilates DynaMov,,,activa
258,Pilates Estudio & Entrenamiento,Pilates Estudio & Entrenamiento,,,activa
259,Pilates Estudio Mcm,Pilates Estudio MCM,,,activa
260,Pilates Flow,Pilates Flow,,,activa
261,Pilates Flow Chacabuco,Pilates Flow Chacabuco,,,activa
262,Pilates Flow Hidalgo,Pilates Flow Hidalgo,,,activa
263,Pilates Grow @Pilatesgrowar,Pilates Grow @pilatesgrowar,,,activa
264,Pilates Hiit,Pilates HIIT,,,activa
265,Pilates Home,Pilates Home,,,activa
266,Pilates House Studio,Pilates House Studio,,,activa
267,Pilates Integral,Pilates INtegral,,,activa
268,Pilates Ki,Pilates Ki,,,activa
269,Pilates Line,Pilates Line,,,activa
270,Pilates Mep,Pilates MEP,,,activa
271,Pilates Mahara,Pilates Mahara,,,activa
272,Pilates Marina,Pilates Marina,,,activa
273,Pilates Mat Y Reformer Bio Gym,Pilates Mat y Reformer Bio Gym,,,activa
274,Pilates Motus Tacuari,Pilates Motus Tacuari,,,activa
275,Pilates Muta,Pilates Muta,,,activa
276,Pilates Más Actividad Sucursal Recoleta,Pilates Más Actividad sucursal Recoleta,,,activa
277,Pilates Más Actividad Sucursal Villa Del Parque,Pilates Más Actividad sucursal Villa del Parque,,,activa
278,Pilates Studio - Sede Barracas,Pilates Studio - Sede Barracas,,,activa
279,Pilates Studio Benessere,Pilates Studio Benessere,,,activa
280,Pilates Studio Sabrina Feal,Pilates Studio Sabrina Feal,,,activa
281,Pilates Umano,Pilates UMANO,,,activa
282,Pilates V&Vos,Pilates V&Vos,,,activa
283,Pilates Villa Crespo,Pilates Villa Crespo,,,activa
284,"Pilates By Core - Caballito, Directorio","Pilates by CORE - CABALLITO, DIRECTORIO",,,activa
285,"Pilates By Core - Recoleta, Mansilla","Pilates by CORE - RECOLETA, MANSILLA",,,activa
286,Pilates Del Ángel By Maca Ardanaz,Pilates del Ángel by Maca Ardanaz,,,activa
287,Pilates En Circuito Sd Versalles,Pilates en Circuito SD Versalles,,,activa
288,Pilates Funcional By Gi,Pilates funcional by Gi,,,activa
289,Pilates Menta,Pilates menta,,,activa
290,Pilates Postural Y Estiramiento Vk,Pilates postural y estiramiento VK,,,activa
291,Pilates Y Entrenamiento,Pilates y entrenamiento,,,activa
292,Pilateá Con Mar,Pilateá con Mar,,,activa
293,Pilatisa Tu Vida,Pilatisa tu vida,,,activa
294,Piuké Pilates Boedo,Piuké Pilates Boedo,,,activa
295,Plaza Pilates,Plaza Pilates,,,activa
296,Plena Estudio De Danzas Y Pilates,Plena Estudio de Danzas y Pilates,,,activa
297,Plena Pilates,Plena Pilates,,,activa
298,Powerhouse Pilates,Powerhouse Pilates,,,activa
299,Pramana Pilates Studio,Pramana Pilates Studio,,,activa
300,Prana House - Yoga & Pilates,Prana House - Yoga & Pilates,,,activa
301,Prisma Pilates,Prisma Pilates,,,activa
302,Puravida Pilates,PuraVida Pilates,,,activa
303,Quequi Pilates,Quequi Pilates,,,activa
304,Rona Pilates Reformer Recoleta,RONA Pilates Reformer Recoleta,,,activa
305,Raisa Pilates,Raisa pilates,,,activa
306,Releve Pilates,Releve Pilates,,,activa
307,Rincon Del Alma Pilates,Rincon del Alma Pilates,,,activa
308,Rizoma Pilates,Rizoma Pilates,,,activa
309,Roma Pilates & Coffee,Roma Pilates & Coffee,,,activa
310,S Circuit Pilates Reformer,S Circuit Pilates Reformer,,,activa
311,Sf Pilates La Boca,SF Pilates La Boca,,,activa
312,Soma Pilates,SOMA PILATES,,,activa
313,Soy Pilates,SOY Pilates,,,activa
314,Spa Pilates,SPA PILATES,,,activa
315,Samsara Pilates Villa Crespo,Samsara Pilates Villa Crespo,,,activa
316,San Telmo Pilates,San Telmo PILATES,,,activa
317,Sandra Martínez Auténtico Pilates,Sandra Martínez Auténtico Pilates,,,activa
318,Sankalpa Pilates Y Yoga,Sankalpa Pilates y Yoga,,,activa
319,Sayen Pilates & Spa,Sayen Pilates & Spa,,,activa
320,"Ser Zen Barre, Pilates Y Yoga","Ser Zen barre, pilates y yoga",,,activa
321,Seruno Pilates Reforme,SerUno Pilates Reforme,,,activa
322,Seruno • Pilates Reformer,SerUno • Pilates Reformer,,,activa
323,Shyvana Pilates,Shyvana Pilates,,,activa
324,Soho Pilates,Soho Pilates,,,activa
325,Sol Azteca Pilates,Sol Azteca Pilates,,,activa
326,Sol Pilates,Sol Pilates,,,activa
327,Sol Salud,Sol Salud,,,activa
328,Soulpilates,SoulPilates,,,activa
329,Spacio Zeta Pilates Boot Camp,Spacio Zeta Pilates Boot Camp,,,activa
330,Studio Ac_ Pilates Reformer,Studio AC_ Pilates Reformer,,,activa
331,Studio Secret To Live,Studio Secret to Live,,,activa
332,Studio Smile Pilates,Studio Smile Pilates,,,activa
333,Studio Recoleta Pilates,Studio recoleta pilates,,,activa
334,Sukha Pilates Core Center,Sukha Pilates Core Center,,,activa
335,Tan Tiem Pilates,Tan Tiem Pilates,,,activa
336,Teseo | Pilates Funcional,Teseo | Pilates Funcional,,,activa
337,Teseo.Pilates Funcional,Teseo.Pilates Funcional,,,activa
338,The Pilates Studio,The Pilates Studio,,,activa
339,Toulouse Pilates Chacabuco,Toulouse Pilates Chacabuco,,,activa
340,Toulouse Pilates Colegiales,Toulouse Pilates Colegiales,,,activa
341,Toulouse Pilates Palermo,Toulouse Pilates Palermo,,,activa
342,Triskel Wellness Center,Triskel Wellness Center,,,activa
343,Tu Espacio De Pilates Y Estética,Tu Espacio de Pilates y Estética,,,activa
344,Tu Mundo Pilates,Tu mundo Pilates,,,activa
345,Tu Mundo Pilates,Tu mundo pilates,,,activa
346,Udana Pilates Studio,Udana Pilates Studio,,,activa
347,Umana Pilates Caballito,Umana Pilates Caballito,,,activa
348,V.A. Pilates & Stretching,V.A. Pilates & Stretching,,,activa
349,Valu Pilates Reformer Funcional,VALU pilates reformer funcional,,,activa
350,Vic Pilates Arg,VIC Pilates Arg,,,activa
351,Valestar Bien,Valestar bien,,,activa
352,Vení A Pilates Estudio,Vení a Pilates Estudio,,,activa
353,Vive!Pilates Estudio,ViVe!PiLaTeS Estudio,,,activa
354,Vibra Pilates,Vibra Pilates,,,activa
355,Vibra Pilates Consiente,Vibra Pilates Consiente,,,activa
356,Vida Pilates,Vida Pilates,,,activa
357,Vidamí Pilates Mat,Vidamí Pilates Mat,,,activa
358,Vita Pilates Studio,Vita Pilates Studio,,,activa
359,Vita Terapia Corporal,Vita Terapia Corporal,,,activa
360,Vital Pilates,Vital Pilates,,,activa
361,Vitalife Pilates,Vitalife Pilates,,,activa
362,Yb Estudio Pilates,YB estudio Pilates,,,activa
363,Yoga Y Pilates,Yoga y Pilates,,,activa
364,Yoga Y Pilates Villa Luro,Yoga y Pilates Villa Luro,,,activa
365,Yola_Juana,Yola_juana,,,activa
366,Zona Pilates,ZONA PILATES,,,activa
367,Zentir Pilates Reformer,Zentir Pilates Reformer,,,activa
368,"Aires Up! Fitness Y Pilates, Sede Barrio Norte","aires up! Fitness y Pilates, Sede Barrio Norte",,,activa
369,~Kale~ Pilates&Nutrición,~KALE~ Pilates&Nutrición,,,activa
370,Ágape Unisex Pilates,Ágape Unisex Pilates,,,activa
371,Âme Pilates Body Ballet,ÂME Pilates Body Ballet,,,activa
372,Étoile Pilates Studio,Étoile Pilates Studio,,,activa
